score,impact,delta_lambda
0.9989121556282043,1059.4845857790374,4.7116862925652505
0.9994529485702515,1086.7308089449223,4.674205431017866
0.998353123664856,251.31149183749832,0.9781793712027147
0.9959468841552734,131.49774882753076,0.3200081948272625
0.9994623064994812,1089.5945279026716,4.850697214863067
0.9987847208976746,1006.1300814257037,4.400045354730813
0.9988865852355957,1006.1628166437284,4.4082232304220215
1.0,41325.741240409945,4.177912475800384
0.9999998807907104,19665.986185477177,1.9887625140532688
