score,impact,m,f_fim
0.9970601797103882,23.371778795708302,0.3982074756365249,367429954.5389308
0.9958211183547974,22.939874295820786,0.3624200617717526,6798685179.967019
0.9757133722305298,22.91505808466718,0.32450930586492804,333189642.15479714
0.9958211183547974,22.939874295820786,0.3624200617717526,6798685179.967019
0.9970601797103882,23.371778795708302,0.3982074756365249,367429954.5389308
0.9965432286262512,22.95198318028965,0.22178069202980677,367429954.5389308
0.9958211183547974,22.939874295820786,0.3624200617717526,6798685179.967019
0.9970601797103882,23.371778795708302,0.3982074756365249,367429954.5389308
0.8921090364456177,22.483079945389193,0.3872254215934836,1402001692.7487333
0.9719467163085938,22.630356300685513,0.3982074756365249,3619535781.3374186
0.9739869236946106,22.737713122807193,0.26572915785649054,6798685179.967019
0.8872650861740112,22.26489085477985,0.10266674407231852,2914745573.742942
